<?xml version = '1.0' encoding = 'UTF-8'?>
<Entity class="oracle.dbtools.crest.model.design.logical.Entity" directorySegmentName="seg_0" id="1A77C882-4067-5CE6-9A89-5E553605758D" name="CURS_XML_NOW ">
<createdBy>Alex</createdBy>
<createdTime>2023-02-13 09:51:31 UTC</createdTime>
<ownerDesignName>БД-2</ownerDesignName>
<engineerTo>
<item key="CEF7D6D2-3D8C-E4EB-754C-A05443D3ACCA" value="true"/>
</engineerTo>
<adequatelyNormalized>NO</adequatelyNormalized>
<expectedVolumes>0</expectedVolumes>
<fwdEngineeringStrategyName>Single Table</fwdEngineeringStrategyName>
<growthPercent>0</growthPercent>
<growthType>Year</growthType>
<maxVolumes>9999999</maxVolumes>
<minVolumes>0</minVolumes>
<normalForm>Third</normalForm>
<attributes itemClass="oracle.dbtools.crest.model.design.logical.Attribute">
<Attribute name="уникальный идентификатор" id="372E505C-DA52-A43C-78F3-3D7F1CDC78DA">
<createdBy>Alex</createdBy>
<createdTime>2023-02-13 09:54:21 UTC</createdTime>
<ownerDesignName>БД-2</ownerDesignName>
<engineerTo>
<item key="CEF7D6D2-3D8C-E4EB-754C-A05443D3ACCA" value="true"/>
</engineerTo>
<use>0</use>
<logicalDatatype>LOGDT019</logicalDatatype>
<domain>47DD6F07-18CF-178E-426D-DFE65E1B07C9</domain>
<ownDataTypeParameters>,,</ownDataTypeParameters>
</Attribute>
<Attribute name="дата занрузки" id="6988E1B2-FC4E-89E8-2B46-387B329F3EEF">
<createdBy>Alex</createdBy>
<createdTime>2023-02-13 10:03:57 UTC</createdTime>
<ownerDesignName>БД-2</ownerDesignName>
<engineerTo>
<item key="CEF7D6D2-3D8C-E4EB-754C-A05443D3ACCA" value="true"/>
</engineerTo>
<nullsAllowed>true</nullsAllowed>
<useDomainConstraints>false</useDomainConstraints>
<use>1</use>
<logicalDatatype>LOGDT007</logicalDatatype>
<ownDataTypeParameters>,,</ownDataTypeParameters>
</Attribute>
<Attribute name="код валюты " id="06C821C7-A5A5-6FB6-4745-55AC9AEF3226">
<createdBy>Alex</createdBy>
<createdTime>2023-02-13 10:05:02 UTC</createdTime>
<ownerDesignName>БД-2</ownerDesignName>
<engineerTo>
<item key="CEF7D6D2-3D8C-E4EB-754C-A05443D3ACCA" value="true"/>
</engineerTo>
<nullsAllowed>true</nullsAllowed>
<useDomainConstraints>false</useDomainConstraints>
<use>1</use>
<logicalDatatype>LOGDT024</logicalDatatype>
<dataTypeSize>3</dataTypeSize>
<ownDataTypeParameters>3,,</ownDataTypeParameters>
</Attribute>
<Attribute name="нименование валюты" id="41234397-2A82-B594-8D2F-B5650BE8FC5F">
<createdBy>Alex</createdBy>
<createdTime>2023-02-13 10:06:13 UTC</createdTime>
<ownerDesignName>БД-2</ownerDesignName>
<engineerTo>
<item key="CEF7D6D2-3D8C-E4EB-754C-A05443D3ACCA" value="true"/>
</engineerTo>
<nullsAllowed>true</nullsAllowed>
<useDomainConstraints>false</useDomainConstraints>
<use>1</use>
<logicalDatatype>LOGDT024</logicalDatatype>
<dataTypeSize>250</dataTypeSize>
<ownDataTypeParameters>250,,</ownDataTypeParameters>
</Attribute>
<Attribute name="курс" id="9C39FD36-D8BA-9994-FBA4-C34B946BFEA8">
<createdBy>Alex</createdBy>
<createdTime>2023-02-13 10:06:50 UTC</createdTime>
<ownerDesignName>БД-2</ownerDesignName>
<engineerTo>
<item key="CEF7D6D2-3D8C-E4EB-754C-A05443D3ACCA" value="true"/>
</engineerTo>
<nullsAllowed>true</nullsAllowed>
<use>0</use>
<logicalDatatype>LOGDT019</logicalDatatype>
<domain>6DD17F5D-C500-071A-9D92-E75624071785</domain>
<ownDataTypeParameters>,,</ownDataTypeParameters>
</Attribute>
<Attribute name="количество валюты" id="3F3AF088-6026-42DC-2F07-8D8103814A49">
<createdBy>Alex</createdBy>
<createdTime>2023-02-13 10:07:11 UTC</createdTime>
<ownerDesignName>БД-2</ownerDesignName>
<engineerTo>
<item key="CEF7D6D2-3D8C-E4EB-754C-A05443D3ACCA" value="true"/>
</engineerTo>
<nullsAllowed>true</nullsAllowed>
<useDomainConstraints>false</useDomainConstraints>
<use>1</use>
<logicalDatatype>LOGDT011</logicalDatatype>
<ownDataTypeParameters>,,</ownDataTypeParameters>
</Attribute>
</attributes>
<identifiers itemClass="oracle.dbtools.crest.model.design.logical.CandidateKey">
<identifier id="F9AB54FE-8A3A-F098-5B67-A26EA1851E8B" name="CURS_XML_NOW PK">
<createdBy>Alex</createdBy>
<createdTime>2023-02-13 09:56:15 UTC</createdTime>
<ownerDesignName>БД-2</ownerDesignName>
<engineerTo>
<item key="CEF7D6D2-3D8C-E4EB-754C-A05443D3ACCA" value="true"/>
</engineerTo>
<pk>true</pk>
<usedAttributes>
<attributeRef>372E505C-DA52-A43C-78F3-3D7F1CDC78DA</attributeRef>
</usedAttributes>
</identifier>
</identifiers>
</Entity>