<?xml version = '1.0' encoding = 'UTF-8'?>
<Entity class="oracle.dbtools.crest.model.design.logical.Entity" directorySegmentName="seg_0" id="51632055-00A3-71D3-6CCE-8A5AC8063A49" name="CURS_XML">
<createdBy>Alex</createdBy>
<createdTime>2023-02-13 10:10:14 UTC</createdTime>
<ownerDesignName>БД-2</ownerDesignName>
<engineerTo>
<item key="CEF7D6D2-3D8C-E4EB-754C-A05443D3ACCA" value="true"/>
</engineerTo>
<adequatelyNormalized>NO</adequatelyNormalized>
<expectedVolumes>0</expectedVolumes>
<fwdEngineeringStrategyName>Single Table</fwdEngineeringStrategyName>
<growthPercent>0</growthPercent>
<growthType>Year</growthType>
<maxVolumes>9999999</maxVolumes>
<minVolumes>0</minVolumes>
<normalForm>Third</normalForm>
<attributes itemClass="oracle.dbtools.crest.model.design.logical.Attribute">
<Attribute name="уникальный идентификатор " id="339E42D4-3AF6-B6C4-0974-400295F4050B">
<createdBy>Alex</createdBy>
<createdTime>2023-02-13 10:10:40 UTC</createdTime>
<ownerDesignName>БД-2</ownerDesignName>
<engineerTo>
<item key="CEF7D6D2-3D8C-E4EB-754C-A05443D3ACCA" value="true"/>
</engineerTo>
<use>0</use>
<logicalDatatype>LOGDT019</logicalDatatype>
<domain>47DD6F07-18CF-178E-426D-DFE65E1B07C9</domain>
<ownDataTypeParameters>,,</ownDataTypeParameters>
</Attribute>
<Attribute name="дата загрузки" id="410DCBAC-D8EA-883B-A221-9D93C75BDB34">
<createdBy>Alex</createdBy>
<createdTime>2023-02-13 10:11:42 UTC</createdTime>
<ownerDesignName>БД-2</ownerDesignName>
<engineerTo>
<item key="CEF7D6D2-3D8C-E4EB-754C-A05443D3ACCA" value="true"/>
</engineerTo>
<nullsAllowed>true</nullsAllowed>
<useDomainConstraints>false</useDomainConstraints>
<use>1</use>
<logicalDatatype>LOGDT007</logicalDatatype>
<ownDataTypeParameters>,,</ownDataTypeParameters>
</Attribute>
<Attribute name="код валюты" id="6BCF3DAF-21CA-728E-8C40-16DDAC85C7A3">
<createdBy>Alex</createdBy>
<createdTime>2023-02-13 10:12:02 UTC</createdTime>
<ownerDesignName>БД-2</ownerDesignName>
<engineerTo>
<item key="CEF7D6D2-3D8C-E4EB-754C-A05443D3ACCA" value="true"/>
</engineerTo>
<nullsAllowed>true</nullsAllowed>
<useDomainConstraints>false</useDomainConstraints>
<use>1</use>
<logicalDatatype>LOGDT024</logicalDatatype>
<dataTypeSize>3</dataTypeSize>
<ownDataTypeParameters>3,,</ownDataTypeParameters>
</Attribute>
<Attribute name="наименование валюты" id="48FD92DD-0E5E-ED9A-40AA-F61E01470BE0">
<createdBy>Alex</createdBy>
<createdTime>2023-02-13 10:12:25 UTC</createdTime>
<ownerDesignName>БД-2</ownerDesignName>
<engineerTo>
<item key="CEF7D6D2-3D8C-E4EB-754C-A05443D3ACCA" value="true"/>
</engineerTo>
<nullsAllowed>true</nullsAllowed>
<useDomainConstraints>false</useDomainConstraints>
<use>1</use>
<logicalDatatype>LOGDT024</logicalDatatype>
<dataTypeSize>250</dataTypeSize>
<ownDataTypeParameters>250,,</ownDataTypeParameters>
</Attribute>
<Attribute name="загружено/месяц" id="85EAF9BB-59B5-723C-BDAA-56B9000DEED3">
<createdBy>Alex</createdBy>
<createdTime>2023-02-13 10:12:51 UTC</createdTime>
<ownerDesignName>БД-2</ownerDesignName>
<engineerTo>
<item key="CEF7D6D2-3D8C-E4EB-754C-A05443D3ACCA" value="true"/>
</engineerTo>
<nullsAllowed>true</nullsAllowed>
<useDomainConstraints>false</useDomainConstraints>
<use>1</use>
<logicalDatatype>LOGDT007</logicalDatatype>
<ownDataTypeParameters>,,</ownDataTypeParameters>
</Attribute>
<Attribute name="курс" id="2A4DDA06-0CF3-1333-3E3E-379C91E23102">
<createdBy>Alex</createdBy>
<createdTime>2023-02-13 10:15:48 UTC</createdTime>
<ownerDesignName>БД-2</ownerDesignName>
<engineerTo>
<item key="CEF7D6D2-3D8C-E4EB-754C-A05443D3ACCA" value="true"/>
</engineerTo>
<nullsAllowed>true</nullsAllowed>
<use>0</use>
<logicalDatatype>LOGDT019</logicalDatatype>
<domain>6DD17F5D-C500-071A-9D92-E75624071785</domain>
<ownDataTypeParameters>,,</ownDataTypeParameters>
</Attribute>
<Attribute name="количество валюты" id="FC47260C-B55F-C35D-7E9F-E6EC8CDE74E7">
<createdBy>Alex</createdBy>
<createdTime>2023-02-13 10:16:04 UTC</createdTime>
<ownerDesignName>БД-2</ownerDesignName>
<engineerTo>
<item key="CEF7D6D2-3D8C-E4EB-754C-A05443D3ACCA" value="true"/>
</engineerTo>
<nullsAllowed>true</nullsAllowed>
<useDomainConstraints>false</useDomainConstraints>
<use>1</use>
<logicalDatatype>LOGDT011</logicalDatatype>
<ownDataTypeParameters>,,</ownDataTypeParameters>
</Attribute>
</attributes>
<identifiers itemClass="oracle.dbtools.crest.model.design.logical.CandidateKey">
<identifier id="82162D0A-7E90-B55E-FE05-C7BEB53EEBBD" name="CURS_XML PK">
<createdBy>Alex</createdBy>
<createdTime>2023-02-13 10:11:27 UTC</createdTime>
<ownerDesignName>БД-2</ownerDesignName>
<engineerTo>
<item key="CEF7D6D2-3D8C-E4EB-754C-A05443D3ACCA" value="true"/>
</engineerTo>
<pk>true</pk>
<usedAttributes>
<attributeRef>339E42D4-3AF6-B6C4-0974-400295F4050B</attributeRef>
</usedAttributes>
</identifier>
</identifiers>
</Entity>