<?xml version = '1.0' encoding = 'UTF-8'?>
<Entity class="oracle.dbtools.crest.model.design.logical.Entity" directorySegmentName="seg_0" id="69C17CAE-0775-7FAE-F5B2-6D7CEB35D8B8" name="CURS_XML_SEND">
<createdBy>Alex</createdBy>
<createdTime>2023-02-13 10:17:08 UTC</createdTime>
<ownerDesignName>БД-2</ownerDesignName>
<engineerTo>
<item key="CEF7D6D2-3D8C-E4EB-754C-A05443D3ACCA" value="true"/>
</engineerTo>
<adequatelyNormalized>NO</adequatelyNormalized>
<expectedVolumes>0</expectedVolumes>
<fwdEngineeringStrategyName>Single Table</fwdEngineeringStrategyName>
<growthPercent>0</growthPercent>
<growthType>Year</growthType>
<maxVolumes>9999999</maxVolumes>
<minVolumes>0</minVolumes>
<normalForm>Third</normalForm>
<attributes itemClass="oracle.dbtools.crest.model.design.logical.Attribute">
<Attribute name="уникальный идентификатор" id="4916D181-C516-7867-A4B4-37090107B893">
<createdBy>Alex</createdBy>
<createdTime>2023-02-13 10:17:41 UTC</createdTime>
<ownerDesignName>БД-2</ownerDesignName>
<engineerTo>
<item key="CEF7D6D2-3D8C-E4EB-754C-A05443D3ACCA" value="true"/>
</engineerTo>
<nullsAllowed>true</nullsAllowed>
<use>0</use>
<logicalDatatype>LOGDT019</logicalDatatype>
<domain>47DD6F07-18CF-178E-426D-DFE65E1B07C9</domain>
<ownDataTypeParameters>,,</ownDataTypeParameters>
</Attribute>
<Attribute name="дата формирования сообщения" id="99FAF496-F2CC-4942-1856-9FA1911DF806">
<createdBy>Alex</createdBy>
<createdTime>2023-02-13 10:18:12 UTC</createdTime>
<ownerDesignName>БД-2</ownerDesignName>
<engineerTo>
<item key="CEF7D6D2-3D8C-E4EB-754C-A05443D3ACCA" value="true"/>
</engineerTo>
<nullsAllowed>true</nullsAllowed>
<useDomainConstraints>false</useDomainConstraints>
<use>1</use>
<logicalDatatype>LOGDT007</logicalDatatype>
<ownDataTypeParameters>,,</ownDataTypeParameters>
</Attribute>
<Attribute name="содержимое XML" id="FC9648E6-FC5E-71CE-A73D-ECBA2ADEB679">
<createdBy>Alex</createdBy>
<createdTime>2023-02-13 10:18:47 UTC</createdTime>
<ownerDesignName>БД-2</ownerDesignName>
<engineerTo>
<item key="CEF7D6D2-3D8C-E4EB-754C-A05443D3ACCA" value="true"/>
</engineerTo>
<nullsAllowed>true</nullsAllowed>
<useDomainConstraints>false</useDomainConstraints>
<use>1</use>
<logicalDatatype>LOGDT028</logicalDatatype>
<ownDataTypeParameters>,,</ownDataTypeParameters>
</Attribute>
</attributes>
</Entity>