<?xml version = '1.0' encoding = 'UTF-8'?>
<Diagram class="oracle.dbtools.crest.swingui.logical.DPVLogical" name="Logical" id="A12D33DC-37A6-4D7B-733A-412B2F97071D">
<createdBy>Alex</createdBy>
<modifiedBy>Alex</modifiedBy>
<createdTime>2023-02-13 08:17:42 UTC</createdTime>
<autoRoute>false</autoRoute>
<boxInbox>true</boxInbox>
<showLegend>false</showLegend>
<showLabels>false</showLabels>
<showRelAttributes>false</showRelAttributes>
<gridEnabled>false</gridEnabled>
<showGrid>false</showGrid>
<diagramColor>-1</diagramColor>
<display>false</display>
<notation>1</notation>
<objectViews>
<OView class="oracle.dbtools.crest.swingui.logical.TVEntity" oid="1A77C882-4067-5CE6-9A89-5E553605758D" otype="Entity" vid="0DFCD445-0A38-5129-CD50-BE364B59BDCF">
<hideElementsInCurrentOnly>false</hideElementsInCurrentOnly>
<bounds x="32" y="32" width="245" height="113"/>
</OView>
<OView class="oracle.dbtools.crest.swingui.logical.TVEntity" oid="51632055-00A3-71D3-6CCE-8A5AC8063A49" otype="Entity" vid="71F52040-DCEB-08E2-92C5-9CB88D986E9B">
<hideElementsInCurrentOnly>false</hideElementsInCurrentOnly>
<bounds x="432" y="29" width="216" height="136"/>
</OView>
<OView class="oracle.dbtools.crest.swingui.logical.TVEntity" oid="69C17CAE-0775-7FAE-F5B2-6D7CEB35D8B8" otype="Entity" vid="00958A0D-5C3C-904D-438E-2038A190EA77">
<hideElementsInCurrentOnly>false</hideElementsInCurrentOnly>
<bounds x="66" y="238" width="192" height="93"/>
</OView>
</objectViews>
</Diagram>